Row,Column1,Column2,Column3,Column4,Column5
1,-0.330185,-0.70598,-1.163218,1.671526,1.481344
2,-0.299098,-2.568735,2.999457,-0.223963,0.794736
3,-0.845753,0.256308,1.524304,-0.965355,-1.59841
4,-0.727616,-0.813227,0.184484,0.241454,0.116411
5,-0.876905,-0.878163,-1.567413,-1.66266,1.227582
